<?xml version="1.0" encoding="UTF-8"?>
<root>
  <item name="com.alibaba.android.arouter.facade.Postcard com.alibaba.android.arouter.facade.Postcard withFlags(int) 0">
    <annotation name="android.support.annotation.IntDef">
      <val name="value" val="{android.content.Intent.FLAG_ACTIVITY_SINGLE_TOP, android.content.Intent.FLAG_ACTIVITY_NEW_TASK, android.content.Intent.FLAG_GRANT_WRITE_URI_PERMISSION, android.content.Intent.FLAG_DEBUG_LOG_RESOLUTION, android.content.Intent.FLAG_FROM_BACKGROUND, android.content.Intent.FLAG_ACTIVITY_BROUGHT_TO_FRONT, android.content.Intent.FLAG_ACTIVITY_CLEAR_TASK, android.content.Intent.FLAG_ACTIVITY_CLEAR_TOP, android.content.Intent.FLAG_ACTIVITY_EXCLUDE_FROM_RECENTS, android.content.Intent.FLAG_ACTIVITY_FORWARD_RESULT, android.content.Intent.FLAG_ACTIVITY_LAUNCHED_FROM_HISTORY, android.content.Intent.FLAG_ACTIVITY_MULTIPLE_TASK, android.content.Intent.FLAG_ACTIVITY_NO_ANIMATION, android.content.Intent.FLAG_ACTIVITY_NO_USER_ACTION, android.content.Intent.FLAG_ACTIVITY_PREVIOUS_IS_TOP, android.content.Intent.FLAG_ACTIVITY_RESET_TASK_IF_NEEDED, android.content.Intent.FLAG_ACTIVITY_REORDER_TO_FRONT, android.content.Intent.FLAG_ACTIVITY_TASK_ON_HOME, android.content.Intent.FLAG_RECEIVER_REGISTERED_ONLY}" />
    </annotation>
  </item>
  <item name="com.alibaba.android.arouter.facade.Postcard.FlagInt">
    <annotation name="android.support.annotation.IntDef">
      <val name="value" val="{android.content.Intent.FLAG_ACTIVITY_SINGLE_TOP, android.content.Intent.FLAG_ACTIVITY_NEW_TASK, android.content.Intent.FLAG_GRANT_WRITE_URI_PERMISSION, android.content.Intent.FLAG_DEBUG_LOG_RESOLUTION, android.content.Intent.FLAG_FROM_BACKGROUND, android.content.Intent.FLAG_ACTIVITY_BROUGHT_TO_FRONT, android.content.Intent.FLAG_ACTIVITY_CLEAR_TASK, android.content.Intent.FLAG_ACTIVITY_CLEAR_TOP, android.content.Intent.FLAG_ACTIVITY_EXCLUDE_FROM_RECENTS, android.content.Intent.FLAG_ACTIVITY_FORWARD_RESULT, android.content.Intent.FLAG_ACTIVITY_LAUNCHED_FROM_HISTORY, android.content.Intent.FLAG_ACTIVITY_MULTIPLE_TASK, android.content.Intent.FLAG_ACTIVITY_NO_ANIMATION, android.content.Intent.FLAG_ACTIVITY_NO_USER_ACTION, android.content.Intent.FLAG_ACTIVITY_PREVIOUS_IS_TOP, android.content.Intent.FLAG_ACTIVITY_RESET_TASK_IF_NEEDED, android.content.Intent.FLAG_ACTIVITY_REORDER_TO_FRONT, android.content.Intent.FLAG_ACTIVITY_TASK_ON_HOME, android.content.Intent.FLAG_RECEIVER_REGISTERED_ONLY}" />
    </annotation>
  </item>
</root>

